Name,Constituency,Caucus,Salaries,Travel,Hospitality,Contracts
"Aboultaif, Ziad",Edmonton Manning,Conservative,53939.04,9911.45,117.46,15768.65
"Aitchison, Scott",Parry Sound—Muskoka,Conservative,63062.61,8264.94,69.96,22901.48
"Albas, Dan",Central Okanagan—Similkameen—Nicola,Conservative,73505.06,13480.62,246.10,25916.16
"Alghabra, Hon. Omar",Mississauga Centre,Liberal,55853.59,11378.65,0.00,32851.29
"Alleslev, Leona",Aurora—Oak Ridges—Richmond Hill,Conservative,49165.10,9824.75,167.79,26982.15
"Allison, Dean",Niagara West,Conservative,65167.44,10060.95,25.66,27131.27
"Amos, William",Pontiac,Liberal,56264.52,3948.24,496.16,22017.69
"Anand, Hon. Anita",Oakville,Liberal,42157.32,5300.00,0.00,24873.73
"Anandasangaree, Gary",Scarborough—Rouge Park,Liberal,53838.18,11642.78,0.00,20637.89
"Angus, Charlie",Timmins—James Bay,New Democratic Party,70730.85,12962.83,0.00,25348.21
"Arnold, Mel",North Okanagan—Shuswap,Conservative,65317.38,16874.59,0.00,24282.77
"Arseneault, René",Madawaska—Restigouche,Liberal,46880.82,8663.33,368.32,16333.19
"Arya, Chandra",Nepean,Liberal,54951.08,0.00,88.65,34742.07
"Ashton, Niki",Churchill—Keewatinook Aski,New Democratic Party,68759.39,18836.67,0.00,8384.29
"Atwin, Jenica",Fredericton,Green Party,70184.85,2127.82,0.00,23103.06
"Bachrach, Taylor",Skeena—Bulkley Valley,New Democratic Party,58056.49,18597.56,98.50,27143.28
"Badawey, Vance",Niagara Centre,Liberal,63053.86,7872.73,49.98,22950.98
"Bagnell, Hon. Larry",Yukon,Liberal,64624.63,4428.81,0.00,19152.29
"Bains, Hon. Navdeep",Mississauga—Malton,Liberal,58032.24,6388.19,0.00,14083.52
"Baker, Yvan",Etobicoke Centre,Liberal,42433.32,9124.49,0.00,30453.24
"Baldinelli, Tony",Niagara Falls,Conservative,62525.46,10937.63,0.00,29838.21
"Barlow, John",Foothills,Conservative,62413.08,17634.94,45.80,25760.74
"Barrett, Michael",Leeds—Grenville—Thousand Islands and Rideau Lakes,Conservative,73147.68,4893.16,89.17,21997.98
"Barsalou-Duval, Xavier",Pierre-Boucher—Les Patriotes—Verchères,Bloc Québécois,48528.12,6765.05,306.63,17684.11
"Battiste, Jaime",Sydney—Victoria,Liberal,54983.94,3521.84,105.45,26369.46
"Beaulieu, Mario",La Pointe-de-l'Île,Bloc Québécois,45510.08,14438.86,287.95,44573.44
"Beech, Terry",Burnaby North—Seymour,Liberal,56347.74,5904.45,117.00,17487.20
"Bendayan, Rachel",Outremont,Liberal,52480.80,4550.00,0.00,19742.73
"Bennett, Hon. Carolyn",Toronto—St. Paul's,Liberal,55409.62,6150.00,0.00,18662.84
"Benzen, Bob",Calgary Heritage,Conservative,57773.64,7270.79,269.89,23342.24
"Bergen, Hon. Candice",Portage—Lisgar,Conservative,59317.44,23171.66,420.54,17731.02
"Bergeron, Stéphane",Montarville,Bloc Québécois,58214.10,15141.54,0.00,37434.38
"Berthold, Luc",Mégantic—L'Érable,Conservative,65390.59,10954.87,253.97,28852.33
"Bérubé, Sylvie",Abitibi—Baie-James—Nunavik—Eeyou,Bloc Québécois,58604.34,14095.50,496.83,22490.27
"Bessette, Lyne",Brome—Missisquoi,Liberal,54047.82,3898.40,450.28,30822.96
"Bezan, James",Selkirk—Interlake—Eastman,Conservative,66223.73,12259.83,36.87,26266.55
"Bibeau, Hon. Marie-Claude",Compton—Stanstead,Liberal,62049.12,8310.18,228.65,27456.76
"Bittle, Chris",St. Catharines,Liberal,72838.08,3001.35,0.00,17736.50
"Blaikie, Daniel",Elmwood—Transcona,New Democratic Party,43772.94,6588.13,0.00,29050.23
"Blair, Hon. Bill",Scarborough Southwest,Liberal,57188.26,12463.73,0.00,16627.31
"Blanchet, Yves-François",Beloeil—Chambly,Bloc Québécois,59074.03,18084.19,0.00,19684.66
"Blanchette-Joncas, Maxime",Rimouski-Neigette—Témiscouata—Les Basques,Bloc Québécois,43929.00,16187.55,521.05,27714.98
"Blaney, Rachel",North Island—Powell River,New Democratic Party,76279.74,15894.96,259.24,19354.52
"Blaney, Hon. Steven",Bellechasse—Les Etchemins—Lévis,Conservative,61701.38,6414.80,180.00,17911.62
"Block, Kelly",Carlton Trail—Eagle Creek,Conservative,53542.42,13757.23,0.00,30039.85
"Blois, Kody",Kings—Hants,Liberal,39048.78,3336.67,570.51,13937.93
"Boudrias, Michel",Terrebonne,Bloc Québécois,44798.39,9282.75,0.00,22771.89
"Boulerice, Alexandre",Rosemont—La Petite-Patrie,New Democratic Party,49419.61,14558.90,0.00,21305.63
"Bragdon, Richard",Tobique—Mactaquac,Conservative,65807.43,6494.41,35.39,13708.15
"Brassard, John",Barrie—Innisfil,Conservative,54963.86,7656.68,0.00,19483.08
"Bratina, Bob",Hamilton East—Stoney Creek,Liberal,49655.72,5899.98,0.00,17126.89
"Brière, Élisabeth",Sherbrooke,Liberal,58821.84,6348.19,326.01,18212.18
"Brunelle-Duceppe, Alexis",Lac-Saint-Jean,Bloc Québécois,72952.37,24211.01,117.41,22263.15
"Calkins, Blaine",Red Deer—Lacombe,Conservative,60914.29,17380.21,252.91,22229.03
"Cannings, Richard",South Okanagan—West Kootenay,New Democratic Party,67644.00,16051.12,0.00,17025.20
"Carr, Hon. Jim",Winnipeg South Centre,Liberal,48331.98,6618.67,61.49,20065.04
"Carrie, Colin",Oshawa,Conservative,58502.81,8781.76,0.00,28605.53
"Casey, Sean",Charlottetown,Liberal,64427.76,5723.24,240.50,16299.55
"Chabot, Louise",Thérèse-De Blainville,Bloc Québécois,56807.76,5752.83,320.65,36887.33
"Chagger, Hon. Bardish",Waterloo,Liberal,38101.80,7900.54,383.00,20957.35
"Champagne, Hon. François-Philippe",Saint-Maurice—Champlain,Liberal,65197.39,11378.57,417.48,23771.63
"Champoux, Martin",Drummond,Bloc Québécois,63033.05,13080.23,326.93,26983.50
"Charbonneau, Louise",Trois-Rivières,Bloc Québécois,65913.08,8972.38,842.83,24693.44
"Chen, Shaun",Scarborough North,Liberal,50622.47,16488.76,348.91,26152.80
"Chiu, Kenny",Steveston—Richmond East,Conservative,39979.14,11263.06,136.19,32151.05
"Chong, Hon. Michael",Wellington—Halton Hills,Conservative,56467.20,9501.12,0.00,18326.52
"Collins, Laurel",Victoria,New Democratic Party,65034.11,8822.72,0.00,15582.31
"Cooper, Michael",St. Albert—Edmonton,Conservative,62422.90,17687.02,0.00,21965.29
"Cormier, Serge",Acadie—Bathurst,Liberal,68537.28,125.16,140.00,12132.76
"Cumming, James",Edmonton Centre,Conservative,62646.40,24596.10,190.70,20005.36
"Dabrusin, Julie",Toronto—Danforth,Liberal,54940.64,2757.93,54.06,15841.29
"Dalton, Marc",Pitt Meadows—Maple Ridge,Conservative,56239.95,33698.28,225.47,26812.50
"Damoff, Pam",Oakville North—Burlington,Liberal,65293.32,7342.41,1425.00,16809.88
"Dancho, Raquel",Kildonan—St. Paul,Conservative,56624.46,15388.86,479.77,24703.88
"Davidson, Scot",York—Simcoe,Conservative,54610.60,11987.80,116.94,20069.10
"Davies, Don",Vancouver Kingsway,New Democratic Party,64579.13,20693.75,0.00,22659.17
"DeBellefeuille, Claude",Salaberry—Suroît,Bloc Québécois,55735.00,9599.36,278.06,29998.37
"Deltell, Gérard",Louis-Saint-Laurent,Conservative,65915.42,11640.03,0.00,26929.38
"d'Entremont, Chris",West Nova,Conservative,57545.97,8765.64,17.99,22403.57
"Desbiens, Caroline",Beauport—Côte-de-Beaupré—Île d'Orléans—Charlevoix,Bloc Québécois,55507.88,16090.78,168.07,21047.74
"Desilets, Luc",Rivière-des-Mille-Îles,Bloc Québécois,56506.52,8702.68,45.22,30085.70
"Dhaliwal, Sukh",Surrey—Newton,Liberal,45740.04,19897.54,0.00,32667.06
"Dhillon, Anju",Dorval—Lachine—LaSalle,Liberal,61314.44,6418.87,0.00,29789.44
"Diotte, Kerry",Edmonton Griesbach,Conservative,42558.66,16694.27,0.00,12819.77
"Doherty, Todd",Cariboo—Prince George,Conservative,70147.26,20057.53,312.65,5528.26
"Dong, Han",Don Valley North,Liberal,61728.42,6584.28,0.00,27470.45
"Dowdall, Terry",Simcoe—Grey,Conservative,50358.30,7897.68,48.68,25444.49
"Dreeshen, Earl",Red Deer—Mountain View,Conservative,58908.31,14180.44,74.78,17315.41
"Drouin, Francis",Glengarry—Prescott—Russell,Liberal,49473.66,0.00,0.00,19904.36
"Dubourg, Emmanuel",Bourassa,Liberal,67034.63,3298.37,334.64,32861.56
"Duclos, Hon. Jean-Yves",Québec,Liberal,63070.02,5175.00,0.00,23145.54
"Duguid, Terry",Winnipeg South,Liberal,60548.02,8965.16,0.00,17881.48
"Duncan, Eric",Stormont—Dundas—South Glengarry,Conservative,66625.29,9613.36,246.58,22772.39
"Duncan, Hon. Kirsty",Etobicoke North,Liberal,51592.92,0.00,0.00,14500.19
"Duvall, Scott",Hamilton Mountain,New Democratic Party,57244.27,12694.50,0.00,16198.49
"Dzerowicz, Julie",Davenport,Liberal,54376.68,6252.36,108.75,27600.98
"Easter, Hon. Wayne",Malpeque,Liberal,71138.40,5180.59,842.38,8467.29
"Ehsassi, Ali",Willowdale,Liberal,54249.40,7189.02,357.32,22949.34
"El-Khoury, Fayçal",Laval—Les Îles,Liberal,53965.62,9297.20,65.55,19822.41
"Ellis, Neil",Bay of Quinte,Liberal,62499.60,10093.69,93.97,18581.35
"Epp, Dave",Chatham-Kent—Leamington,Conservative,48814.90,18014.87,114.00,17262.08
"Erskine-Smith, Nathaniel",Beaches—East York,Liberal,61101.84,5678.17,138.78,26030.07
"Falk, Rosemarie",Battlefords—Lloydminster,Conservative,57106.74,15271.65,160.86,19435.96
"Falk, Ted",Provencher,Conservative,43610.75,14214.35,668.16,31359.17
"Fast, Hon. Ed",Abbotsford,Conservative,58585.90,14510.57,317.72,15394.44
"Fergus, Greg",Hull—Aylmer,Liberal,59412.44,169.97,204.42,51166.14
"Fillmore, Andy",Halifax,Liberal,55911.90,5399.83,238.61,14744.95
"Findlay, Hon. Kerry-Lynne",South Surrey—White Rock,Conservative,64726.65,16449.09,362.69,32588.78
"Finley, Hon. Diane",Haldimand—Norfolk,Conservative,54316.41,12498.65,101.20,17931.30
"Finnigan, Pat",Miramichi—Grand Lake,Liberal,53011.46,7066.21,95.62,32667.71
"Fisher, Darren",Dartmouth—Cole Harbour,Liberal,48758.04,9104.46,80.01,14817.87
"Fonseca, Peter",Mississauga East—Cooksville,Liberal,38646.20,8125.21,0.00,55487.39
"Fortier, Hon. Mona",Ottawa—Vanier,Liberal,76921.70,0.00,97.40,21559.06
"Fortin, Rhéal",Rivière-du-Nord,Bloc Québécois,56696.58,10459.27,51.25,20341.02
"Fragiskatos, Peter",London North Centre,Liberal,50298.96,5944.39,0.00,29161.28
"Fraser, Sean",Central Nova,Liberal,61177.92,1042.49,0.00,34482.96
"Freeland, Hon. Chrystia",University—Rosedale,Liberal,59485.42,2078.98,0.00,18976.02
"Fry, Hon. Hedy",Vancouver Centre,Liberal,47449.96,7599.22,17.48,40866.56
"Gallant, Cheryl",Renfrew—Nipissing—Pembroke,Conservative,59674.25,8571.74,26.51,27676.12
"Garneau, Hon. Marc",Notre-Dame-de-Grâce—Westmount,Liberal,40399.57,4894.44,0.00,21559.26
"Garrison, Randall",Esquimalt—Saanich—Sooke,New Democratic Party,81186.73,10900.04,0.00,27200.71
"Gaudreau, Marie-Hélène",Laurentides—Labelle,Bloc Québécois,56414.90,11152.63,182.03,25487.00
"Gazan, Leah",Winnipeg Centre,New Democratic Party,61682.75,7875.37,0.00,23623.25
"Généreux, Bernard",Montmagny—L'Islet—Kamouraska—Rivière-du-Loup,Conservative,53210.58,10397.56,161.63,30309.57
"Genuis, Garnett",Sherwood Park—Fort Saskatchewan,Conservative,72677.41,21824.42,358.22,12054.41
"Gerretsen, Mark",Kingston and the Islands,Liberal,70012.16,6872.45,79.78,26474.86
"Gill, Marilène",Manicouagan,Bloc Québécois,56451.24,44595.39,241.28,30229.18
"Gladu, Marilyn",Sarnia—Lambton,Conservative,66015.08,9264.23,0.00,21073.61
"Godin, Joël",Portneuf—Jacques-Cartier,Conservative,57946.77,5069.14,343.70,27024.72
"Gould, Hon. Karina",Burlington,Liberal,61494.71,4994.86,288.26,21170.77
"Gourde, Jacques",Lévis—Lotbinière,Conservative,41080.68,13220.33,1399.25,60834.49
"Gray, Tracy",Kelowna—Lake Country,Conservative,57183.15,13233.04,98.92,28106.93
"Green, Matthew",Hamilton Centre,New Democratic Party,58236.42,9088.19,25.00,12926.83
"Guilbeault, Hon. Steven",Laurier—Sainte-Marie,Liberal,54942.01,6728.36,54.05,16961.43
"Hajdu, Hon. Patty",Thunder Bay—Superior North,Liberal,69978.88,16042.18,0.00,20127.87
"Hallan, Jasraj Singh",Calgary Forest Lawn,Conservative,64125.80,6523.94,0.00,18954.08
"Harder, Rachael",Lethbridge,Conservative,62703.12,28048.08,1344.05,24576.85
"Hardie, Ken",Fleetwood—Port Kells,Liberal,66616.55,19063.09,0.00,16776.14
"Harris, Jack",St. John's East,New Democratic Party,59718.24,0.00,17.99,16704.83
"Hoback, Randy",Prince Albert,Conservative,61750.20,11160.61,92.36,21350.77
"Holland, Hon. Mark",Ajax,Liberal,70377.24,9649.84,79.38,18821.90
"Housefather, Anthony",Mount Royal,Liberal,57497.76,0.00,44.99,17326.32
"Hughes, Carol",Algoma—Manitoulin—Kapuskasing,New Democratic Party,65029.67,15339.89,0.00,16249.09
"Hussen, Hon. Ahmed",York South—Weston,Liberal,63443.48,24945.84,0.00,13770.01
"Hutchings, Gudie",Long Range Mountains,Liberal,74209.96,14859.56,0.00,27691.34
"Iacono, Angelo",Alfred-Pellan,Liberal,63727.94,1567.95,62.96,30871.81
"Ien, Marci",Toronto Centre,Liberal,19287.03,7264.52,0.00,12184.06
"Jaczek, Helena",Markham—Stouffville,Liberal,54340.66,5225.80,4553.27,23140.94
"Jansen, Tamara",Cloverdale—Langley City,Conservative,54639.51,15683.51,0.00,14243.15
"Jeneroux, Matt",Edmonton Riverbend,Conservative,55322.58,22203.65,525.28,39196.67
"Johns, Gord",Courtenay—Alberni,New Democratic Party,59742.54,16497.21,326.21,36515.19
"Joly, Hon. Mélanie",Ahuntsic-Cartierville,Liberal,58611.30,9051.42,215.98,38190.17
"Jones, Yvonne",Labrador,Liberal,63354.70,31223.74,1324.53,23948.42
"Jordan, Hon. Bernadette",South Shore—St. Margarets,Liberal,65821.08,7928.14,0.00,12259.20
"Jowhari, Majid",Richmond Hill,Liberal,58585.77,7910.43,0.00,21990.87
"Julian, Peter",New Westminster—Burnaby,New Democratic Party,63834.94,9352.76,0.00,23405.52
"Kelloway, Mike",Cape Breton—Canso,Liberal,70608.83,4140.18,923.41,17960.03
"Kelly, Pat",Calgary Rocky Ridge,Conservative,52559.73,11123.67,0.00,13959.56
"Kent, Hon. Peter",Thornhill,Conservative,72447.18,4640.97,0.00,19222.41
"Khalid, Iqra",Mississauga—Erin Mills,Liberal,57118.12,9692.15,0.00,12898.73
"Khera, Kamal",Brampton West,Liberal,47745.55,5700.00,3175.00,19744.03
"Kitchen, Robert",Souris—Moose Mountain,Conservative,52409.89,19814.49,0.00,15710.45
"Kmiec, Tom",Calgary Shepard,Conservative,52050.52,9238.82,115.01,20790.67
"Koutrakis, Annie",Vimy,Liberal,65777.32,9446.10,0.00,28366.78
"Kram, Michael",Regina—Wascana,Conservative,52383.05,8363.16,0.00,40005.18
"Kurek, Damien",Battle River—Crowfoot,Conservative,63767.54,20079.53,1142.94,18839.56
"Kusie, Stephanie",Calgary Midnapore,Conservative,66076.38,11991.36,400.78,13860.70
"Kusmierczyk, Irek",Windsor—Tecumseh,Liberal,70889.64,6570.00,0.00,26691.16
"Kwan, Jenny",Vancouver East,New Democratic Party,59447.53,3742.33,24.97,18594.66
"Lake, Hon. Mike",Edmonton—Wetaskiwin,Conservative,69785.93,16197.64,214.02,16946.74
"Lalonde, Marie-France",Orléans,Liberal,54640.29,0.00,472.28,25402.49
"Lambropoulos, Emmanuella",Saint-Laurent,Liberal,48586.20,6980.10,0.00,26543.46
"Lametti, Hon. David",LaSalle—Émard—Verdun,Liberal,54622.80,11362.66,19.99,16317.91
"Lamoureux, Kevin",Winnipeg North,Liberal,60404.46,8900.39,0.00,23867.36
"Larouche, Andréanne",Shefford,Bloc Québécois,48909.00,7374.90,0.00,23792.22
"Lattanzio, Patricia",Saint-Léonard—Saint-Michel,Liberal,22289.31,0.00,0.00,30524.60
"Lauzon, Stéphane",Argenteuil—La Petite-Nation,Liberal,64124.08,92.00,440.80,20713.45
"Lawrence, Philip",Northumberland—Peterborough South,Conservative,74680.10,8456.52,1422.68,22042.28
"LeBlanc, Hon. Dominic",Beauséjour,Liberal,64219.22,4495.53,739.17,15961.66
"Lebouthillier, Hon. Diane",Gaspésie—Les Îles-de-la-Madeleine,Liberal,52193.55,6885.40,60.00,18138.80
"Lefebvre, Paul",Sudbury,Liberal,55216.99,6969.43,0.00,32199.79
"Lehoux, Richard",Beauce,Conservative,53357.92,8942.87,608.36,23121.31
"Lemire, Sébastien",Abitibi—Témiscamingue,Bloc Québécois,57727.76,22478.86,239.36,23867.22
"Levitt, Michael",York Centre,Liberal,3290.14,0.00,0.00,9041.53
"Lewis, Chris",Essex,Conservative,58924.86,17415.52,0.00,22111.56
"Liepert, Ron",Calgary Signal Hill,Conservative,45760.32,14529.33,310.18,37487.08
"Lightbound, Joël",Louis-Hébert,Liberal,70643.59,4497.00,0.00,13792.13
"Lloyd, Dane",Sturgeon River—Parkland,Conservative,63625.62,10067.09,0.00,32008.28
"Lobb, Ben",Huron—Bruce,Conservative,60947.52,11355.60,165.05,24261.84
"Lockhart, Alaina",Fundy Royal,Liberal,0.00,0.00,0.00,3100.00
"Long, Wayne",Saint John—Rothesay,Liberal,39098.46,652.39,587.43,31878.98
"Longfield, Lloyd",Guelph,Liberal,63756.96,166.12,70.00,29765.66
"Louis, Tim",Kitchener—Conestoga,Liberal,52046.95,2789.25,0.00,15051.73
"Lukiwski, Tom",Moose Jaw—Lake Centre—Lanigan,Conservative,58225.76,18324.65,0.00,27114.20
"MacAulay, Hon. Lawrence",Cardigan,Liberal,46800.66,2457.49,1471.02,12527.22
"MacGregor, Alistair",Cowichan—Malahat—Langford,New Democratic Party,62588.17,10949.88,0.00,20122.54
"MacKenzie, Dave",Oxford,Conservative,58818.42,0.00,0.00,14107.97
"MacKinnon, Steven",Gatineau,Liberal,49919.55,830.57,125.00,24182.61
"Maguire, Larry",Brandon—Souris,Conservative,64122.40,14390.59,116.39,14784.48
"Maloney, James",Etobicoke—Lakeshore,Liberal,56853.47,1361.12,0.00,12300.45
"Manly, Paul",Nanaimo—Ladysmith,Green Party,59119.15,12090.81,95.99,28377.39
"Marcil, Simon",Mirabel,Bloc Québécois,43775.34,6398.85,0.00,19199.93
"Martel, Richard",Chicoutimi—Le Fjord,Conservative,57034.97,15845.89,741.81,29076.77
"Martinez Ferrada, Soraya",Hochelaga,Liberal,57358.41,7416.81,1016.01,21830.52
"Masse, Brian",Windsor West,New Democratic Party,76817.43,12749.12,0.00,12931.87
"Mathyssen, Lindsay",London—Fanshawe,New Democratic Party,71524.61,10940.77,151.26,20375.62
"May, Bryan",Cambridge,Liberal,61528.08,5210.10,0.00,20607.43
"May, Elizabeth",Saanich—Gulf Islands,Green Party,52370.36,17479.51,0.00,13860.15
"Mazier, Dan",Dauphin—Swan River—Neepawa,Conservative,61229.28,19496.45,384.01,18539.51
"McCauley, Kelly",Edmonton West,Conservative,53847.20,28257.01,127.53,18210.65
"McColeman, Phil",Brantford—Brant,Conservative,68997.30,5913.52,201.65,23000.94
"McCrimmon, Karen",Kanata—Carleton,Liberal,61932.80,0.00,0.00,20476.14
"McDonald, Ken",Avalon,Liberal,63071.20,7290.65,79.50,12315.96
"McGuinty, Hon. David",Ottawa South,Liberal,47418.06,0.00,0.00,16673.37
"McKay, Hon. John",Scarborough—Guildwood,Liberal,57508.32,4550.00,46.26,37834.93
"McKenna, Hon. Catherine",Ottawa Centre,Liberal,57631.51,14.56,0.00,19612.09
"McKinnon, Ron",Coquitlam—Port Coquitlam,Liberal,66577.17,512.18,229.38,19909.07
"McLean, Greg",Calgary Centre,Conservative,62898.95,14467.16,186.82,55387.12
"McLeod, Cathy",Kamloops—Thompson—Cariboo,Conservative,65814.42,17004.13,260.60,21614.07
"McLeod, Michael",Northwest Territories,Liberal,59337.72,10909.68,0.00,11745.84
"McPherson, Heather",Edmonton Strathcona,New Democratic Party,64635.18,23653.63,427.10,19863.41
"Melillo, Eric",Kenora,Conservative,67250.00,13213.48,0.00,27178.00
"Mendès, Alexandra",Brossard—Saint-Lambert,Liberal,59994.77,3876.00,0.00,18894.46
"Mendicino, Hon. Marco",Eglinton—Lawrence,Liberal,49137.75,14051.77,0.00,16481.24
"Michaud, Kristina",Avignon—La Mitis—Matane—Matapédia,Bloc Québécois,59797.67,19841.98,450.00,28282.92
"Miller, Hon. Marc",Ville-Marie—Le Sud-Ouest—Île-des-Soeurs,Liberal,60901.32,87.10,0.00,11887.10
"Monsef, Hon. Maryam",Peterborough—Kawartha,Liberal,67721.25,5085.00,0.00,29135.72
"Moore, Hon. Rob",Fundy Royal,Conservative,63573.32,624.11,20.84,21050.93
"Morantz, Marty",Charleswood—St. James—Assiniboia—Headingley,Conservative,61522.62,8630.00,0.00,20878.11
"Morneau, Hon. Bill",Toronto Centre,Liberal,4233.43,0.00,0.00,859.66
"Morrison, Rob",Kootenay—Columbia,Conservative,77213.59,26032.93,0.00,14955.34
"Morrissey, Robert",Egmont,Liberal,53200.56,11117.23,0.00,16180.11
"Motz, Glen",Medicine Hat—Cardston—Warner,Conservative,62331.87,25922.35,36.99,17894.62
"Murray, Hon. Joyce",Vancouver Quadra,Liberal,54704.01,13166.08,422.31,27064.97
"Nassif, Eva",Vimy,Liberal,0.00,0.00,0.00,610.95
"Nater, John",Perth—Wellington,Conservative,59757.00,12050.56,0.00,26153.60
"Ng, Hon. Mary",Markham—Thornhill,Liberal,59055.96,9434.32,0.00,22838.59
"Normandin, Christine",Saint-Jean,Bloc Québécois,62182.17,7110.58,1285.21,32696.03
"O'Connell, Jennifer",Pickering—Uxbridge,Liberal,66956.52,7364.76,55.48,8408.86
"Oliphant, Robert",Don Valley West,Liberal,53060.42,12725.54,0.00,23101.84
"O'Regan, Hon. Seamus",St. John's South—Mount Pearl,Liberal,59294.52,5403.32,583.47,20532.96
"O'Toole, Hon. Erin",Durham,Conservative,58426.52,9059.70,120.39,27240.76
"Patzer, Jeremy",Cypress Hills—Grasslands,Conservative,54612.10,22957.88,51.59,22919.70
"Paul-Hus, Pierre",Charlesbourg—Haute-Saint-Charles,Conservative,63341.48,11874.33,493.22,33869.51
"Pauzé, Monique",Repentigny,Bloc Québécois,63497.62,8876.88,194.99,22454.18
"Perron, Yves",Berthier—Maskinongé,Bloc Québécois,53204.23,12668.17,115.23,30994.79
"Petitpas Taylor, Hon. Ginette",Moncton—Riverview—Dieppe,Liberal,79231.92,8563.86,84.00,20337.18
"Plamondon, Louis",Bécancour—Nicolet—Saurel,Bloc Québécois,52588.14,1230.37,60.00,25727.11
"Poilievre, Hon. Pierre",Carleton,Conservative,65245.22,3153.40,115.03,24773.72
"Powlowski, Marcus",Thunder Bay—Rainy River,Liberal,66463.47,0.00,0.00,21536.48
"Qaqqaq, Mumilaaq",Nunavut,New Democratic Party,32144.29,8773.77,0.00,12798.13
"Qualtrough, Hon. Carla",Delta,Liberal,43948.84,28667.71,76.63,28965.07
"Raitt, Hon. Lisa",Milton,Conservative,0.00,0.00,0.00,3722.50
"Rankin, Murray",Victoria,New Democratic Party,0.00,0.00,0.00,15000.00
"Ratansi, Yasmin",Don Valley East,Independent,68212.77,5678.77,0.00,21665.14
"Rayes, Alain",Richmond—Arthabaska,Conservative,71634.05,14771.86,648.78,17500.04
"Redekopp, Brad",Saskatoon West,Conservative,57438.37,15790.60,270.09,34544.65
"Regan, Hon. Geoff",Halifax West,Liberal,68307.30,5700.00,0.00,12602.67
"Reid, Scott",Lanark—Frontenac—Kingston,Conservative,53603.52,0.00,0.00,14821.84
"Rempel Garner, Hon. Michelle",Calgary Nose Hill,Conservative,55745.90,23913.62,0.00,17833.43
"Richards, Blake",Banff—Airdrie,Conservative,60725.52,22633.20,0.00,14249.10
"Robillard, Yves",Marc-Aurèle-Fortin,Liberal,60841.63,16199.32,580.26,18856.41
"Rodriguez, Hon. Pablo",Honoré-Mercier,Liberal,50904.91,9099.42,0.00,15256.06
"Rogers, Churence",Bonavista—Burin—Trinity,Liberal,64466.40,9756.74,262.43,16414.01
"Romanado, Sherry",Longueuil—Charles-LeMoyne,Liberal,56971.56,9090.41,205.12,24725.36
"Rood, Lianne",Lambton—Kent—Middlesex,Conservative,48455.32,25832.28,32.55,26262.34
"Rota, Hon. Anthony",Nipissing—Timiskaming,Liberal,69360.57,8883.94,407.25,24662.39
"Ruff, Alex",Bruce—Grey—Owen Sound,Conservative,56727.54,8481.47,0.00,16536.33
"Sahota, Jag",Calgary Skyview,Conservative,47858.14,13797.36,16.02,21194.57
"Sahota, Ruby",Brampton North,Liberal,59455.01,0.00,0.00,21832.95
"Saini, Raj",Kitchener Centre,Liberal,43095.36,0.00,0.00,16663.93
"Sajjan, Hon. Harjit S.",Vancouver South,Liberal,39673.38,19912.07,87.87,25930.12
"Saks, Ya'ara",York Centre,Liberal,22809.69,1730.29,0.00,15752.18
"Samson, Darrell",Sackville—Preston—Chezzetcook,Liberal,56079.54,8184.61,30.62,15146.04
"Sangha, Ramesh",Brampton Centre,Liberal,25840.08,5292.74,0.00,42500.13
"Sansoucy, Brigitte",Saint-Hyacinthe—Bagot,New Democratic Party,0.00,0.00,0.00,3660.00
"Sarai, Randeep",Surrey Centre,Liberal,43646.66,6600.00,0.00,37910.49
"Saroya, Bob",Markham—Unionville,Conservative,59947.80,7400.55,0.00,32612.34
"Savard-Tremblay, Simon-Pierre",Saint-Hyacinthe—Bagot,Bloc Québécois,61867.56,19755.79,95.68,22044.48
"Scarpaleggia, Francis",Lac-Saint-Louis,Liberal,48286.64,12384.95,0.00,20583.16
"Scheer, Hon. Andrew",Regina—Qu'Appelle,Conservative,90130.57,1207.42,75.56,21535.06
"Schiefke, Peter",Vaudreuil—Soulanges,Liberal,66977.16,4631.25,0.00,24123.93
"Schmale, Jamie",Haliburton—Kawartha Lakes—Brock,Conservative,62413.51,13409.64,92.00,16907.91
"Schulte, Hon. Deb",King—Vaughan,Liberal,59613.90,7340.09,0.00,17874.60
"Seeback, Kyle",Dufferin—Caledon,Conservative,53907.96,12367.94,131.09,45736.63
"Serré, Marc",Nickel Belt,Liberal,72074.24,10741.17,118.58,24078.89
"Sgro, Hon. Judy A.",Humber River—Black Creek,Liberal,50597.94,4550.00,535.04,22892.90
"Shanahan, Brenda",Châteauguay—Lacolle,Liberal,53402.32,8054.90,0.00,25712.03
"Sheehan, Terry",Sault Ste. Marie,Liberal,55591.29,8234.61,0.00,14288.65
"Shields, Martin",Bow River,Conservative,59176.92,20933.25,19.97,22053.22
"Shin, Nelly",Port Moody—Coquitlam,Conservative,25125.94,12791.53,0.00,27509.21
"Shipley, Doug",Barrie—Springwater—Oro-Medonte,Conservative,61867.50,8882.93,143.15,18451.30
"Sidhu, Maninder",Brampton East,Liberal,63515.54,6132.92,0.00,23194.25
"Sidhu, Sonia",Brampton South,Liberal,55108.75,5654.42,0.00,24827.59
"Sikand, Gagan",Mississauga—Streetsville,Liberal,58647.72,3589.45,450.00,19102.31
"Simard, Mario",Jonquière,Bloc Québécois,60993.55,13648.96,150.58,17547.86
"Simms, Scott",Coast of Bays—Central—Notre Dame,Liberal,60542.64,17839.26,233.69,20611.35
"Singh, Jagmeet",Burnaby South,New Democratic Party,64775.76,15446.84,0.00,34215.67
"Sloan, Derek",Hastings—Lennox and Addington,Conservative,73062.37,10733.58,464.97,24974.14
"Sorbara, Francesco",Vaughan—Woodbridge,Liberal,56903.58,9587.83,500.00,30435.27
"Soroka, Gerald",Yellowhead,Conservative,51787.40,16913.18,0.00,22831.75
"Spengemann, Sven",Mississauga—Lakeshore,Liberal,58494.27,0.00,0.00,28696.63
"Stanton, Bruce",Simcoe North,Conservative,60065.97,12213.10,104.80,23349.57
"Steinley, Warren",Regina—Lewvan,Conservative,54299.88,17331.10,541.83,29029.17
"Ste-Marie, Gabriel",Joliette,Bloc Québécois,60317.68,6461.02,576.20,28648.27
"Stetski, Wayne",Kootenay—Columbia,New Democratic Party,0.00,0.00,0.00,205.08
"Strahl, Mark",Chilliwack—Hope,Conservative,66831.39,12557.04,180.91,24942.86
"Stubbs, Shannon",Lakeland,Conservative,79071.03,23332.81,0.00,20223.31
"Sweet, David",Flamborough—Glanbrook,Conservative,49873.59,11144.83,64.40,45051.77
"Tabbara, Marwan",Kitchener South—Hespeler,Independent,54126.41,3423.12,0.00,18541.50
"Tassi, Hon. Filomena",Hamilton West—Ancaster—Dundas,Liberal,50483.40,9947.58,0.00,29020.28
"Thériault, Luc",Montcalm,Bloc Québécois,55427.82,10091.67,29.39,28319.54
"Therrien, Alain",La Prairie,Bloc Québécois,62635.74,11360.20,400.00,36389.93
"Tochor, Corey",Saskatoon—University,Conservative,43927.10,12257.49,229.06,25646.31
"Trudeau, Right Hon. Justin",Papineau,Liberal,41005.53,0.00,0.00,23206.67
"Trudel, Denis",Longueuil—Saint-Hubert,Bloc Québécois,62635.08,9937.07,506.52,40123.40
"Turnbull, Ryan",Whitby,Liberal,63538.78,0.00,154.45,24899.55
"Uppal, Hon. Tim",Edmonton Mill Woods,Conservative,64436.95,14495.89,1475.67,35522.29
Vacant,Toronto Centre,Liberal,13323.22,0.00,0.00,348.79
Vacant,York Centre,Liberal,15889.80,0.00,0.00,623.80
"Van Bynen, Tony",Newmarket—Aurora,Liberal,56497.10,5911.69,0.00,18032.83
"van Koeverden, Adam",Milton,Liberal,59636.18,5087.28,0.00,26153.85
"Van Popta, Tako",Langley—Aldergrove,Conservative,66773.65,18496.77,108.52,20941.36
"Vandal, Hon. Dan",Saint Boniface—Saint Vital,Liberal,56730.49,14727.08,103.99,32325.15
"Vandenbeld, Anita",Ottawa West—Nepean,Liberal,61466.26,0.00,75.00,13273.05
"Vaughan, Adam",Spadina—Fort York,Liberal,60417.83,3195.46,92.80,12986.00
"Vecchio, Karen",Elgin—Middlesex—London,Conservative,60487.62,18935.24,45.06,19800.56
"Vidal, Gary",Desnethé—Missinippi—Churchill River,Conservative,62395.92,16616.32,0.00,13354.71
"Viersen, Arnold",Peace River—Westlock,Conservative,71908.95,17530.21,35.30,8863.13
"Vignola, Julie",Beauport—Limoilou,Bloc Québécois,53552.80,25158.37,318.68,22795.74
"Virani, Arif",Parkdale—High Park,Liberal,61186.38,10605.36,367.44,18829.65
"Vis, Brad",Mission—Matsqui—Fraser Canyon,Conservative,73599.95,17734.34,75.09,31107.82
"Wagantall, Cathay",Yorkton—Melville,Conservative,77397.60,24075.41,88.53,15702.03
"Warkentin, Chris",Grande Prairie—Mackenzie,Conservative,57597.14,8277.64,899.63,20138.80
"Waugh, Kevin",Saskatoon—Grasswood,Conservative,63954.30,10838.20,0.00,20856.19
"Webber, Len",Calgary Confederation,Conservative,67649.84,5674.52,0.00,16182.17
"Weiler, Patrick",West Vancouver—Sunshine Coast—Sea to Sky Country,Liberal,62496.08,10422.10,0.00,27790.31
"Wilkinson, Hon. Jonathan",North Vancouver,Liberal,56359.11,19885.08,208.61,36016.21
"Williamson, John",New Brunswick Southwest,Conservative,65846.34,19793.97,20.50,29189.60
"Wilson-Raybould, Hon. Jody",Vancouver Granville,Independent,48604.74,6115.56,0.00,25796.53
"Wong, Hon. Alice",Richmond Centre,Conservative,45888.87,6094.74,294.19,31852.86
"Yip, Jean",Scarborough—Agincourt,Liberal,48265.15,0.00,575.00,31311.00
"Young, Kate",London West,Liberal,64535.14,7360.65,0.00,13866.15
"Yurdiga, David",Fort McMurray—Cold Lake,Conservative,60186.78,28875.80,664.80,22743.01
"Zahid, Salma",Scarborough Centre,Liberal,61357.68,11147.28,0.00,20251.08
"Zann, Lenore",Cumberland—Colchester,Liberal,59895.77,1630.04,0.00,24763.01
"Zimmer, Bob",Prince George—Peace River—Northern Rockies,Conservative,64181.90,29316.55,574.89,29879.34
"Zuberi, Sameer",Pierrefonds—Dollard,Liberal,47744.04,3734.72,317.14,18975.47
